{"cameraMode":{"drawMode":0,"name":"Shaded","section":"Shading Mode"},"sceneLighting":true,"audioPlay":false,"sceneViewState":{"showFog":true,"showMaterialUpdate":false,"showSkybox":true,"showFlares":true,"showImageEffects":true,"showParticleSystems":true},"in2DMode":false,"pivot":{"x":-69.55441284179688,"y":-3.1579337120056154,"z":10.524252891540528},"rotation":{"x":-0.02375906892120838,"y":0.6332461833953857,"z":-0.01882442831993103,"w":-0.7734824419021606},"size":44.81584167480469,"orthographic":false}