{"cameraMode":{"drawMode":0,"name":"Shaded","section":"Shading Mode"},"sceneLighting":false,"audioPlay":false,"sceneViewState":{"showFog":true,"showMaterialUpdate":false,"showSkybox":false,"showFlares":true,"showImageEffects":true,"showParticleSystems":true},"in2DMode":false,"pivot":{"x":-0.007126841694116592,"y":-0.030447348952293397,"z":0.0036609917879104616},"rotation":{"x":0.04321061819791794,"y":0.9134511351585388,"z":-0.10071077197790146,"w":0.39192208647727969},"size":0.1616528183221817,"orthographic":false}